Name	title	coding
t3_qq9z2a	Question/concerns regarding inter-faculty Major transfer	o
t3_qp5hbh	anyone took mgcr 382 with Nicholas Matziorinis?	c
t3_qo77a3	CodeJam Updates!	o
t3_qphbd3	DONE WITH HEALTH SERVICES	o
t3_qou8zc	fall 2021 SSMU referendum starts tomorrow!	o
t3_qpqlpc	Difficulty to find a date at McGill :/	o
t3_qqa0m5	Classes not being in person this winter....	o
t3_qpo84a	How many days ahead do you typically start studying for a midterm?	c
t3_qnrj9f	textbook requirements for poli classes?	c
t3_qnqejc	Final exams and webwork	c
t3_qpkcxp	Peculiar microwave ?	f
t3_qph27r	Struggling with Language at Work	o
t3_qngvlt	Geog216 midterm two	c
t3_qp3xao	To full time students/part time workers in the Life Sciences program, what should be the maximum amount of hours you allot for work without compromising your studies??	o
t3_qnfh8q	caged squirrel in leacock I'd like to know if it's ok	o
t3_qpd7vg	Is there free COVID testing for McGill students?	o
t3_qow0ax	Any McGillians Working in Toronto This Winter?	o
t3_qo1vab	Winter 2022 Exchange Reinstatement: Australia	o
t3_qqbjfk	Comp302 Assignment	c
t3_qp1lnb	IPN Supervisor Hunt	o
t3_qphbiq	Cloudberry Stocking Up for the Winter	o
t3_qqd26j	Present thoughts (Rant)	o
t3_qqd74r	In need of a study buddy	o
t3_qp2flr	Was Just Informed that I am not Going to Make it in the Workforce	o
t3_qnukdm	Failing	c
t3_qpma8y	How long does it take to get official transcripts?	o
t3_qphe5x	Starting a band	o
t3_qqfu6a	URGENT: Comp 250 tutor/notes	c
t3_qorssr	Is it cold on campus today?	o
t3_qnu3xn	Any fans of Better Call Saul?	o
t3_qnu45p	Pottery stations in montreal	o
t3_qpo7y6	How many classes can you fail before you get kicked out?	c
t3_qqdm8o	Group chat for Econ408	c
t3_qq0d9v	Should I wait until the status of the medical exam is updated to arrive?	o
t3_qqcxo7	How to review for Comp 250/273?	c
t3_qnowoj	UPDATE: KEYS FOUND!!!	o
t3_qnqqcq	Good complementary classes with no essays (engineering)	c
t3_qoaub9	Wrongfully Accused in Math 133 of Cheating	c
t3_qprmam	Your experience in MATH 396/410	c
t3_qn4wz0	Orthodontist for International student	o
t3_qq5qod	The 200 students in person limit	c
t3_qpt94m	FINE 441 projects	c
t3_qnqo17	Nail places downtown??	o
t3_qnfz1o	Here's a nice secret study spot - can anyone guess where it is?	o
t3_qor49v	How doable is it to take GERM325 and GERM336 in the same semester?	c
t3_qo5qd4	Cat chasing birds outside of McConnell today (what should we name them?)	o
t3_qoet9m	Anyone done the government's free french courses that you get paid to do?	c
t3_qq9nhv	someone should start a dating club at McGill	o
t3_qoa51e	Cloudberry and a friend	o
t3_qpeplw	In-person final exams set in stone?	o
